{"name":"4aaf45c8-7f47-4230-886e-a9e228e905e6","id":"/providers/Microsoft.Flow/flows/4aaf45c8-7f47-4230-886e-a9e228e905e6","type":"Microsoft.Flow/flows","properties":{"apiId":"/providers/Microsoft.PowerApps/apis/shared_logicflows","displayName":"cancelamentocoffee","definition":{"metadata":{"workflowEntityId":null,"processAdvisorMetadata":null,"flowChargedByPaygo":null,"flowclientsuspensionreason":"None","flowclientsuspensiontime":null,"flowclientsuspensionreasondetails":null,"creator":{"id":"b5779a30-a362-4bf7-9b15-4b63395fcea8","type":"User","tenantId":"f66fae02-5d36-495b-bfe0-78a6ff9f8e6e"},"provisioningMethod":"FromDefinition","failureAlertSubscription":true,"clientLastModifiedTime":"2023-07-25T15:39:31.3659527Z"},"$schema":"https://schema.management.azure.com/providers/Microsoft.Logic/schemas/2016-06-01/workflowdefinition.json#","contentVersion":"1.0.0.0","parameters":{"$connections":{"defaultValue":{},"type":"Object"},"$authentication":{"defaultValue":{},"type":"SecureObject"}},"triggers":{"manual":{"metadata":{"operationMetadataId":"cba968d1-7fb7-4caa-93cc-38e567cbad02"},"type":"Request","kind":"PowerApp","inputs":{"schema":{"type":"object","properties":{"Enviarumanotificaçãoporemail(V3)_Corpo":{"type":"string","format":"html","description":"O conteúdo do email.. Este parâmetro é usado como parte de \"CCB5F5AD-EACB-4686-B45D-5B2816A5FD53\"","x-ms-powerflows-param-ispartial":true}},"required":["Enviarumanotificaçãoporemail(V3)_Corpo"]}}}},"actions":{"Enviar_uma_notificação_por_email_(V3)":{"runAfter":{},"metadata":{"operationMetadataId":"2145dcf0-b790-4efd-bfcd-1f29a380da99"},"type":"OpenApiConnection","inputs":{"host":{"apiId":"/providers/Microsoft.PowerApps/apis/shared_sendmail","connectionName":"shared_sendmail","operationId":"SendEmailV3"},"parameters":{"request/to":"Bruno.Oliveira@unilever.com;Cinara.Deise@unilever.com;Samantha.Marie@unilever.com;Alessandra.Areias@unilever.com;Ana.Carolina@unilever.com;Helen.Tatiane@unilever.com;laira.mendes@sapore.com.br;cr3843@sapore.com.br;","request/subject":"RESERVA DE SALA COM COFFEE CANCELADO (e-mail automático, favor não responder)","request/text":"<p>@{triggerBody()['Enviarumanotificaçãoporemail(V3)_Corpo']}</p>"},"authentication":{"value":"@json(decodeBase64(triggerOutputs().headers['X-MS-APIM-Tokens']))['$ConnectionKey']","type":"Raw"}}}}},"connectionReferences":{"shared_sendmail":{"connectionName":"shared-sendmail-4bd6d7fd-fb19-4919-9851-924a56fd7640","source":"Invoker","id":"/providers/Microsoft.PowerApps/apis/shared_sendmail","tier":"NotSpecified"}},"flowFailureAlertSubscribed":false,"isManaged":false}}