{"schemaVersion":"1.0","appDefinitionTemplate":{"id":"/providers/Microsoft.PowerApps/apps/","type":"Microsoft.PowerApps/apps","tags":{"primaryDeviceWidth":"1366","primaryDeviceHeight":"768","supportsPortrait":"true","supportsLandscape":"true","primaryFormFactor":"Tablet","publisherVersion":"3.23093.15","minimumRequiredApiVersion":"2.2.0","hasComponent":"false","hasUnlockedComponent":"false","isUnifiedRootApp":"false","sienaVersion":"20231005T135243Z-3.23093.15.0","showStatusBar":"false"},"properties":{"appVersion":"2023-10-05T13:52:43Z","lifeCycleId":"Published","createdByClientVersion":{"major":3,"minor":23093,"build":15,"revision":0,"majorRevision":0,"minorRevision":0},"minClientVersion":{"major":3,"minor":23093,"build":15,"revision":0,"majorRevision":0,"minorRevision":0},"backgroundColor":"rgba(26, 26, 26, 1)","backgroundImageUri":"/10596456878800822827/Naf99b0a8-ccbe-4d0b-89cf-5ec51545796f-logoSmallFile","displayName":"RESERVA DE SALA 3245","description":"","commitMessage":"","appUris":{"documentUri":{"value":"/10596456878800822827/N3b1cc847-f43a-457b-9904-1645186963c1-document.msapp"},"imageUris":[],"additionalUris":[]},"createdTime":"0001-01-01T00:00:00Z","lastModifiedTime":"0001-01-01T00:00:00Z","sharedGroupsCount":0,"sharedUsersCount":0,"connectionReferences":{"03bcbe08-6cbc-4ecb-9861-c9746c3ba89c":{"id":"4ddf1efd-a1e3-45de-a917-8f281ba49e67","displayName":"Office 365 Outlook","iconUri":"https://connectoricons-prod.azureedge.net/u/henryorsborn/partial-builds/asev3migrations-with-resourceTemplate/1.0.1653.3414/office365/icon.png","dataSources":["Office365Outlook"],"dependencies":[],"dependents":[],"parameterHints":{},"parameterHintsV2":{},"isOnPremiseConnection":false,"dataSets":{},"apiTier":"Standard","isCustomApiConnection":false,"actions":["CalendarGetTables","GetEventsCalendarViewV2"]},"2655ed98-ab13-4c8c-97d9-d2f190bffe8e":{"id":"b0417075-32cf-4f61-a0e8-0b54c7a2f81a","displayName":"SharePoint","iconUri":"https://connectoricons-prod.azureedge.net/u/henryorsborn/partial-builds/asev3migrations-with-resourceTemplate/1.0.1653.3414/sharepointonline/icon.png","dataSources":["coffe01","coffe03","TesteReservaa","bloqueio de sala"],"dependencies":[],"dependents":[],"parameterHints":{},"parameterHintsV2":{},"isOnPremiseConnection":false,"dataSets":{"https://unilever.sharepoint.com/sites/ReservadeSala":{"dataSources":{"coffe01":{"tableName":"774a4e7a-cdd3-460b-aae7-31bbc4c78a0a"},"coffe03":{"tableName":"eb9dd294-d180-4406-9133-cafb73538cb3"},"TesteReservaa":{"tableName":"5e19464b-4c6f-487e-b7d1-06e3cf509f7b"},"bloqueio de sala":{"tableName":"fc94f571-3b75-4d11-a94a-ea662bcb1e03"}}}},"apiTier":"Standard","isCustomApiConnection":false,"actions":["providers/PowerPlatform.Governance/Operations/Read","providers/PowerPlatform.Governance/Operations/Write","providers/PowerPlatform.Governance/Operations/Delete"]},"afe44715-c8f2-4d26-8b62-6ce4f687654e":{"id":"c8d7dcc0-50d8-4ca9-9678-3df4f054679b","displayName":"Usuários do Office 365","iconUri":"https://connectoricons-prod.azureedge.net/u/henryorsborn/partial-builds/asev3migrations-with-resourceTemplate/1.0.1653.3414/office365users/icon.png","dataSources":["UtilizadoresdoOffice365"],"dependencies":[],"dependents":[],"parameterHints":{},"parameterHintsV2":{},"isOnPremiseConnection":false,"dataSets":{},"apiTier":"Standard","isCustomApiConnection":false,"actions":["MyProfile"]},"11fd783a-1fde-41f1-be08-fd55012b2b8a":{"id":"5742619f-8ef8-4a17-9cdb-232d0691910b","displayName":"Fluxos lógicos","iconUri":"https://connectoricons-prod.azureedge.net/releases/v1.0.1653/1.0.1653.3403/logicflows/icon.png","dataSources":["fluxoreserva"],"dependencies":["12329bd4-5a50-4822-9fb1-4f095df6217b"],"dependents":[],"parameterHints":{"workflowName":{"value":"c3165f9f-e259-4bb3-b895-0de5de236449"},"workflowEntityId":{},"12329bd4-5a50-4822-9fb1-4f095df6217b":{"value":"shared_sendmail"}},"parameterHintsV2":{"workflowName":{"value":"c3165f9f-e259-4bb3-b895-0de5de236449"},"workflowEntityId":{},"shared_sendmail":{"value":"12329bd4-5a50-4822-9fb1-4f095df6217b"}},"isOnPremiseConnection":false,"dataSets":{},"apiTier":"Standard","isCustomApiConnection":false,"actions":["Run"],"nestedActions":[{"id":"/providers/Microsoft.PowerApps/apis/shared_sendmail/apiOperations/SendEmailV3","apiName":"Mail","actionName":"SendEmailV3","referencedResources":[]}]},"12329bd4-5a50-4822-9fb1-4f095df6217b":{"id":"2682c616-00c4-46f3-bca4-02384ab40871","displayName":"Email","iconUri":"https://connectoricons-prod.azureedge.net/releases/v1.0.1658/1.0.1658.3450/sendmail/icon.png","dataSources":[],"dependencies":[],"dependents":["11fd783a-1fde-41f1-be08-fd55012b2b8a","14b12011-1705-45bf-895f-e03686c400a1","bb180d4d-79bc-4f8a-851c-fbcb4a5d1069","cb42b662-6868-4a3e-a751-c5fc8bcfe4cb","069fde96-9ad6-46eb-9d54-12f95aec7b5d","cbf121e8-6dec-4032-b8e2-0f46d849fd36"],"parameterHints":{},"parameterHintsV2":{},"isOnPremiseConnection":false,"dataSets":{},"apiTier":"Standard","isCustomApiConnection":false},"14b12011-1705-45bf-895f-e03686c400a1":{"id":"5742619f-8ef8-4a17-9cdb-232d0691910b","displayName":"Fluxos lógicos","iconUri":"https://connectoricons-prod.azureedge.net/releases/v1.0.1653/1.0.1653.3403/logicflows/icon.png","dataSources":["reservasala2"],"dependencies":["12329bd4-5a50-4822-9fb1-4f095df6217b"],"dependents":[],"parameterHints":{"workflowName":{"value":"5e202158-46df-4867-ae00-edc5a096845d"},"workflowEntityId":{},"12329bd4-5a50-4822-9fb1-4f095df6217b":{"value":"shared_sendmail"}},"parameterHintsV2":{"workflowName":{"value":"5e202158-46df-4867-ae00-edc5a096845d"},"workflowEntityId":{},"shared_sendmail":{"value":"12329bd4-5a50-4822-9fb1-4f095df6217b"}},"isOnPremiseConnection":false,"dataSets":{},"apiTier":"Standard","isCustomApiConnection":false,"actions":["Run"],"nestedActions":[{"id":"/providers/Microsoft.PowerApps/apis/shared_sendmail/apiOperations/SendEmailV3","apiName":"Mail","actionName":"SendEmailV3","referencedResources":[]}]},"bb180d4d-79bc-4f8a-851c-fbcb4a5d1069":{"id":"5742619f-8ef8-4a17-9cdb-232d0691910b","displayName":"Fluxos lógicos","iconUri":"https://connectoricons-prod.azureedge.net/releases/v1.0.1653/1.0.1653.3403/logicflows/icon.png","dataSources":["reservasala3"],"dependencies":["12329bd4-5a50-4822-9fb1-4f095df6217b"],"dependents":[],"parameterHints":{"workflowName":{"value":"5bfb5302-a50c-47f4-a4df-8d5f38c4bb1d"},"workflowEntityId":{},"12329bd4-5a50-4822-9fb1-4f095df6217b":{"value":"shared_sendmail"}},"parameterHintsV2":{"workflowName":{"value":"5bfb5302-a50c-47f4-a4df-8d5f38c4bb1d"},"workflowEntityId":{},"shared_sendmail":{"value":"12329bd4-5a50-4822-9fb1-4f095df6217b"}},"isOnPremiseConnection":false,"dataSets":{},"apiTier":"Standard","isCustomApiConnection":false,"actions":["Run"],"nestedActions":[{"id":"/providers/Microsoft.PowerApps/apis/shared_sendmail/apiOperations/SendEmailV3","apiName":"Mail","actionName":"SendEmailV3","referencedResources":[]}]},"cb42b662-6868-4a3e-a751-c5fc8bcfe4cb":{"id":"5742619f-8ef8-4a17-9cdb-232d0691910b","displayName":"Fluxos lógicos","iconUri":"https://connectoricons-prod.azureedge.net/releases/v1.0.1653/1.0.1653.3403/logicflows/icon.png","dataSources":["fluxocoffee"],"dependencies":["12329bd4-5a50-4822-9fb1-4f095df6217b"],"dependents":[],"parameterHints":{"workflowName":{"value":"7867b34a-a302-45cc-9fa1-54a31b0649a4"},"workflowEntityId":{},"12329bd4-5a50-4822-9fb1-4f095df6217b":{"value":"shared_sendmail"}},"parameterHintsV2":{"workflowName":{"value":"7867b34a-a302-45cc-9fa1-54a31b0649a4"},"workflowEntityId":{},"shared_sendmail":{"value":"12329bd4-5a50-4822-9fb1-4f095df6217b"}},"isOnPremiseConnection":false,"dataSets":{},"apiTier":"Standard","isCustomApiConnection":false,"actions":["Run"],"nestedActions":[{"id":"/providers/Microsoft.PowerApps/apis/shared_sendmail/apiOperations/SendEmailV3","apiName":"Mail","actionName":"SendEmailV3","referencedResources":[]}]},"069fde96-9ad6-46eb-9d54-12f95aec7b5d":{"id":"5742619f-8ef8-4a17-9cdb-232d0691910b","displayName":"Fluxos lógicos","iconUri":"https://connectoricons-prod.azureedge.net/releases/v1.0.1653/1.0.1653.3403/logicflows/icon.png","dataSources":["cancelamentocoffee"],"dependencies":["12329bd4-5a50-4822-9fb1-4f095df6217b"],"dependents":[],"parameterHints":{"workflowName":{"value":"632567de-7497-443a-b175-5930383ca326"},"workflowEntityId":{},"12329bd4-5a50-4822-9fb1-4f095df6217b":{"value":"shared_sendmail"}},"parameterHintsV2":{"workflowName":{"value":"632567de-7497-443a-b175-5930383ca326"},"workflowEntityId":{},"shared_sendmail":{"value":"12329bd4-5a50-4822-9fb1-4f095df6217b"}},"isOnPremiseConnection":false,"dataSets":{},"apiTier":"Standard","isCustomApiConnection":false,"actions":["Run"],"nestedActions":[{"id":"/providers/Microsoft.PowerApps/apis/shared_sendmail/apiOperations/SendEmailV3","apiName":"Mail","actionName":"SendEmailV3","referencedResources":[]}]},"cbf121e8-6dec-4032-b8e2-0f46d849fd36":{"id":"5742619f-8ef8-4a17-9cdb-232d0691910b","displayName":"Fluxos lógicos","iconUri":"https://connectoricons-prod.azureedge.net/releases/v1.0.1653/1.0.1653.3403/logicflows/icon.png","dataSources":["fluxoconfirmarcoffee"],"dependencies":["12329bd4-5a50-4822-9fb1-4f095df6217b"],"dependents":[],"parameterHints":{"workflowName":{"value":"f0578ce5-a170-49ec-8746-ddd392797925"},"workflowEntityId":{},"12329bd4-5a50-4822-9fb1-4f095df6217b":{"value":"shared_sendmail"}},"parameterHintsV2":{"workflowName":{"value":"f0578ce5-a170-49ec-8746-ddd392797925"},"workflowEntityId":{},"shared_sendmail":{"value":"12329bd4-5a50-4822-9fb1-4f095df6217b"}},"isOnPremiseConnection":false,"dataSets":{},"apiTier":"Standard","isCustomApiConnection":false,"nestedActions":[{"id":"/providers/Microsoft.PowerApps/apis/shared_sendmail/apiOperations/SendEmailV3","apiName":"Mail","actionName":"SendEmailV3","referencedResources":[]}]}},"databaseReferences":{},"almMode":"Environment","performanceOptimizationEnabled":true,"canConsumeAppPass":true,"enableModernRuntimeMode":false,"executionRestrictions":{"isTeamsOnly":false,"dataLossPreventionEvaluationResult":{"status":"Compliant","lastEvaluationDate":"2023-10-05T13:52:47.6216954Z","violations":[],"violationsByPolicy":[],"violationErrorMessage":"O aplicativo usa os seguintes conectores: shared_office365, shared_sharepointonline, shared_office365users, shared_logicflows, shared_sendmail."},"httpActionRestriction":{"appUsesSharepointHttpAction":false,"enforcementStrategy":"Legacy","evaluationTime":"2023-10-05T13:52:47.6216119Z"}}},"appType":"ClassicCanvasApp","appComponents":[]}}