{"schemaVersion":"1.0","appDefinitionTemplate":{"id":"/providers/Microsoft.PowerApps/apps/","type":"Microsoft.PowerApps/apps","tags":{"primaryDeviceWidth":"1366","primaryDeviceHeight":"768","supportsPortrait":"true","supportsLandscape":"true","primaryFormFactor":"Tablet","publisherVersion":"3.23083.17","minimumRequiredApiVersion":"2.2.0","hasComponent":"false","hasUnlockedComponent":"false","isUnifiedRootApp":"false","sienaVersion":"20230905T233307Z-3.23083.17.0","showStatusBar":"false"},"properties":{"appVersion":"2023-09-05T23:33:07Z","lifeCycleId":"Published","createdByClientVersion":{"major":3,"minor":23083,"build":17,"revision":0,"majorRevision":0,"minorRevision":0},"minClientVersion":{"major":3,"minor":23083,"build":17,"revision":0,"majorRevision":0,"minorRevision":0},"backgroundColor":"rgba(26, 26, 26, 1)","backgroundImageUri":"/7282619416483580451/N78e71e86-fb40-4500-ba53-bf12769c8484-logoSmallFile","displayName":"RESERVA DE VEÍCULO","description":"","commitMessage":"","appUris":{"documentUri":{"value":"/7282619416483580451/Nc612551b-1047-48d0-a793-c81d231ac000-document.msapp"},"imageUris":[],"additionalUris":[]},"createdTime":"0001-01-01T00:00:00Z","lastModifiedTime":"0001-01-01T00:00:00Z","sharedGroupsCount":0,"sharedUsersCount":0,"connectionReferences":{"03bcbe08-6cbc-4ecb-9861-c9746c3ba89c":{"id":"4ddf1efd-a1e3-45de-a917-8f281ba49e67","displayName":"Office 365 Outlook","iconUri":"https://connectoricons-prod.azureedge.net/u/laborbol/partial-builds/ase-v3/1.0.1653.3402/office365/icon.png","dataSources":["Office365Outlook"],"dependencies":[],"dependents":[],"parameterHints":{},"parameterHintsV2":{},"isOnPremiseConnection":false,"bypassConsent":false,"dataSets":{},"apiTier":"Standard","isCustomApiConnection":false,"actions":["CalendarGetTables","GetEventsCalendarViewV2"]},"afe44715-c8f2-4d26-8b62-6ce4f687654e":{"id":"c8d7dcc0-50d8-4ca9-9678-3df4f054679b","displayName":"Usuários do Office 365","iconUri":"https://connectoricons-prod.azureedge.net/u/laborbol/partial-builds/ase-v3/1.0.1653.3402/office365users/icon.png","dataSources":["UtilizadoresdoOffice365"],"dependencies":[],"dependents":[],"parameterHints":{},"parameterHintsV2":{},"isOnPremiseConnection":false,"bypassConsent":false,"dataSets":{},"apiTier":"Standard","isCustomApiConnection":false,"actions":["MyProfile"]},"af583fe3-8bc9-4ada-bf20-cba8c67ed6e3":{"id":"b0417075-32cf-4f61-a0e8-0b54c7a2f81a","displayName":"SharePoint","iconUri":"https://connectoricons-prod.azureedge.net/u/laborbol/partial-builds/ase-v3/1.0.1653.3402/sharepointonline/icon.png","dataSources":["CHECKLISTCARRO"],"dependencies":[],"dependents":[],"parameterHints":{},"parameterHintsV2":{},"isOnPremiseConnection":false,"bypassConsent":false,"dataSets":{"https://unilever.sharepoint.com/sites/ReservadeSala":{"dataSources":{"CHECKLISTCARRO":{"tableName":"fd7c293f-0626-4cac-9765-30bb29e70c1d"}}}},"apiTier":"Standard","isCustomApiConnection":false,"actions":["providers/PowerPlatform.Governance/Operations/Read","providers/PowerPlatform.Governance/Operations/Write","providers/PowerPlatform.Governance/Operations/Delete"]},"235f063a-058d-4103-a972-ca1ca02a433d":{"id":"5742619f-8ef8-4a17-9cdb-232d0691910b","displayName":"Fluxos lógicos","iconUri":"https://connectoricons-prod.azureedge.net/releases/v1.0.1653/1.0.1653.3403/logicflows/icon.png","dataSources":["fluxoreserva_veículo"],"dependencies":["12329bd4-5a50-4822-9fb1-4f095df6217b"],"dependents":[],"parameterHints":{"workflowName":{"value":"92034529-cfca-461a-a5df-c31ec6a6ae06"},"workflowEntityId":{},"12329bd4-5a50-4822-9fb1-4f095df6217b":{"value":"shared_sendmail"}},"parameterHintsV2":{"workflowName":{"value":"92034529-cfca-461a-a5df-c31ec6a6ae06"},"workflowEntityId":{},"shared_sendmail":{"value":"12329bd4-5a50-4822-9fb1-4f095df6217b"}},"isOnPremiseConnection":false,"bypassConsent":false,"dataSets":{},"apiTier":"Standard","isCustomApiConnection":false,"actions":["Run"],"nestedActions":[{"id":"/providers/Microsoft.PowerApps/apis/shared_sendmail/apiOperations/SendEmailV3","apiName":"Mail","actionName":"SendEmailV3","referencedResources":[]}]},"12329bd4-5a50-4822-9fb1-4f095df6217b":{"id":"2682c616-00c4-46f3-bca4-02384ab40871","displayName":"Email","iconUri":"https://connectoricons-prod.azureedge.net/releases/v1.0.1652/1.0.1652.3394/sendmail/icon.png","dataSources":[],"dependencies":[],"dependents":["235f063a-058d-4103-a972-ca1ca02a433d","7988b570-cf49-4a04-96ae-ca91e79c6417","8e73314f-580b-4451-b671-e99956b743c1","860d6297-039a-4673-be9d-0391d142503e","c72c88a2-278c-47a6-a6c6-396f16c8a7d1"],"parameterHints":{},"parameterHintsV2":{},"isOnPremiseConnection":false,"bypassConsent":false,"dataSets":{},"apiTier":"Standard","isCustomApiConnection":false},"7988b570-cf49-4a04-96ae-ca91e79c6417":{"id":"5742619f-8ef8-4a17-9cdb-232d0691910b","displayName":"Fluxos lógicos","iconUri":"https://connectoricons-prod.azureedge.net/releases/v1.0.1653/1.0.1653.3403/logicflows/icon.png","dataSources":["fluxoadmcanclemantocarro"],"dependencies":["12329bd4-5a50-4822-9fb1-4f095df6217b"],"dependents":[],"parameterHints":{"workflowName":{"value":"39bb19a4-93a1-485e-b24d-445e35ac5a10"},"workflowEntityId":{},"12329bd4-5a50-4822-9fb1-4f095df6217b":{"value":"shared_sendmail"}},"parameterHintsV2":{"workflowName":{"value":"39bb19a4-93a1-485e-b24d-445e35ac5a10"},"workflowEntityId":{},"shared_sendmail":{"value":"12329bd4-5a50-4822-9fb1-4f095df6217b"}},"isOnPremiseConnection":false,"bypassConsent":false,"dataSets":{},"apiTier":"Standard","isCustomApiConnection":false,"nestedActions":[{"id":"/providers/Microsoft.PowerApps/apis/shared_sendmail/apiOperations/SendEmailV3","apiName":"Mail","actionName":"SendEmailV3","referencedResources":[]}]},"8e73314f-580b-4451-b671-e99956b743c1":{"id":"5742619f-8ef8-4a17-9cdb-232d0691910b","displayName":"Fluxos lógicos","iconUri":"https://connectoricons-prod.azureedge.net/releases/v1.0.1653/1.0.1653.3403/logicflows/icon.png","dataSources":["fluxocancelamentoveículoadm"],"dependencies":["12329bd4-5a50-4822-9fb1-4f095df6217b"],"dependents":[],"parameterHints":{"workflowName":{"value":"1923ee59-7ed5-42d6-99ea-f534715458e1"},"workflowEntityId":{},"12329bd4-5a50-4822-9fb1-4f095df6217b":{"value":"shared_sendmail"}},"parameterHintsV2":{"workflowName":{"value":"1923ee59-7ed5-42d6-99ea-f534715458e1"},"workflowEntityId":{},"shared_sendmail":{"value":"12329bd4-5a50-4822-9fb1-4f095df6217b"}},"isOnPremiseConnection":false,"bypassConsent":false,"dataSets":{},"apiTier":"Standard","isCustomApiConnection":false,"nestedActions":[{"id":"/providers/Microsoft.PowerApps/apis/shared_sendmail/apiOperations/SendEmailV3","apiName":"Mail","actionName":"SendEmailV3","referencedResources":[]}]},"860d6297-039a-4673-be9d-0391d142503e":{"id":"5742619f-8ef8-4a17-9cdb-232d0691910b","displayName":"Fluxos lógicos","iconUri":"https://connectoricons-prod.azureedge.net/releases/v1.0.1653/1.0.1653.3403/logicflows/icon.png","dataSources":["fluxocancelacarro"],"dependencies":["12329bd4-5a50-4822-9fb1-4f095df6217b"],"dependents":[],"parameterHints":{"workflowName":{"value":"f5a5ceaf-f148-4f53-9dca-5e101b672ffb"},"workflowEntityId":{},"12329bd4-5a50-4822-9fb1-4f095df6217b":{"value":"shared_sendmail"}},"parameterHintsV2":{"workflowName":{"value":"f5a5ceaf-f148-4f53-9dca-5e101b672ffb"},"workflowEntityId":{},"shared_sendmail":{"value":"12329bd4-5a50-4822-9fb1-4f095df6217b"}},"isOnPremiseConnection":false,"bypassConsent":false,"dataSets":{},"apiTier":"Standard","isCustomApiConnection":false,"nestedActions":[{"id":"/providers/Microsoft.PowerApps/apis/shared_sendmail/apiOperations/SendEmailV3","apiName":"Mail","actionName":"SendEmailV3","referencedResources":[]}]},"c72c88a2-278c-47a6-a6c6-396f16c8a7d1":{"id":"5742619f-8ef8-4a17-9cdb-232d0691910b","displayName":"Fluxos lógicos","iconUri":"https://connectoricons-prod.azureedge.net/releases/v1.0.1653/1.0.1653.3403/logicflows/icon.png","dataSources":["reservasala2"],"dependencies":["12329bd4-5a50-4822-9fb1-4f095df6217b"],"dependents":[],"parameterHints":{"workflowName":{"value":"5e202158-46df-4867-ae00-edc5a096845d"},"workflowEntityId":{},"12329bd4-5a50-4822-9fb1-4f095df6217b":{"value":"shared_sendmail"}},"parameterHintsV2":{"workflowName":{"value":"5e202158-46df-4867-ae00-edc5a096845d"},"workflowEntityId":{},"shared_sendmail":{"value":"12329bd4-5a50-4822-9fb1-4f095df6217b"}},"isOnPremiseConnection":false,"bypassConsent":false,"dataSets":{},"apiTier":"Standard","isCustomApiConnection":false,"actions":["Run"],"nestedActions":[{"id":"/providers/Microsoft.PowerApps/apis/shared_sendmail/apiOperations/SendEmailV3","apiName":"Mail","actionName":"SendEmailV3","referencedResources":[]}]}},"databaseReferences":{},"almMode":"Environment","performanceOptimizationEnabled":true,"canConsumeAppPass":true,"enableModernRuntimeMode":false,"executionRestrictions":{"isTeamsOnly":false,"dataLossPreventionEvaluationResult":{"status":"Compliant","lastEvaluationDate":"2023-09-05T23:33:38.9105296Z","violations":[],"violationsByPolicy":[],"violationErrorMessage":"O aplicativo usa os seguintes conectores: shared_office365, shared_office365users, shared_sharepointonline, shared_logicflows, shared_sendmail."},"httpActionRestriction":{"appUsesSharepointHttpAction":false,"enforcementStrategy":"Legacy","evaluationTime":"2023-09-05T23:33:38.8913089Z"}}},"appType":"ClassicCanvasApp","appComponents":[]}}