{"schemaVersion":"1.0","appDefinitionTemplate":{"id":"/providers/Microsoft.PowerApps/apps/","type":"Microsoft.PowerApps/apps","tags":{"primaryDeviceWidth":"1136","primaryDeviceHeight":"640","supportsPortrait":"true","supportsLandscape":"true","primaryFormFactor":"Phone","publisherVersion":"3.23093.15","minimumRequiredApiVersion":"2.2.0","hasComponent":"false","hasUnlockedComponent":"false","isUnifiedRootApp":"false","sienaVersion":"20231003T161641Z-3.23093.15.0","showStatusBar":"false"},"properties":{"appVersion":"2023-10-05T11:50:31Z","lifeCycleId":"Published","createdByClientVersion":{"major":3,"minor":23093,"build":15,"revision":0,"majorRevision":0,"minorRevision":0},"minClientVersion":{"major":3,"minor":23093,"build":15,"revision":0,"majorRevision":0,"minorRevision":0},"backgroundColor":"RGBA(0,176,240,1)","backgroundImageUri":"/8448650837036358146/N0822c6a9-1e5b-462d-9444-8e4ca9e4e3c4-Nf7c538cb-30f7-4651-a7be-03ce8243dec5-logoSmallFile","displayName":"APLICATIVO LOJlNHA 3245","description":"","commitMessage":"","appUris":{"documentUri":{"value":"/8448650837036358146/Nad7d3a3d-ab1d-4b5e-91bb-2a42692e77a7-Ncef4a63d-95ed-4e2d-83f0-2ab33458c2b4-document.msapp"},"imageUris":[],"additionalUris":[]},"createdTime":"0001-01-01T00:00:00Z","lastModifiedTime":"0001-01-01T00:00:00Z","sharedGroupsCount":0,"sharedUsersCount":0,"connectionReferences":{"80ca6cd6-2eb2-4580-a0b7-85a0b37a65d4":{"id":"3c4fcd9f-dd71-4930-afa2-fff97a9bf3b3","displayName":"Excel Online (Business)","iconUri":"https://connectoricons-prod.azureedge.net/u/laborbol/partial-builds/ase-v3/1.0.1653.3402/excelonlinebusiness/icon.png","dataSources":["avaliacao","Tabela1"],"dependencies":[],"dependents":[],"parameterHints":{},"parameterHintsV2":{},"isOnPremiseConnection":false,"dataSets":{"groups%252F77749456-5a4f-44da-a196-f6c28b7efd50,b%2521Ufgnxo3Ok0O0JC40oGGGJYMb3yFVRIhLvZ3sUKJkh9NtH1zG6L1gQYAARMeJGqNZ,01Z5LJFOBTIESJL6NWVBGJV747SSATT37Z":{"dataSources":{"avaliacao":{"tableName":"{00000000-000C-0000-FFFF-FFFF00000000}"}}},"groups%252F77749456-5a4f-44da-a196-f6c28b7efd50,b%2521Ufgnxo3Ok0O0JC40oGGGJYMb3yFVRIhLvZ3sUKJkh9NtH1zG6L1gQYAARMeJGqNZ,01Z5LJFODPSQ6GOKLR5FCJLMH3H7U5KKAN":{"dataSources":{"Tabela1":{"tableName":"{93C480AF-96B7-4720-9754-FC1454F30D96}"}}}},"apiTier":"Standard","isCustomApiConnection":false,"actions":["providers/PowerPlatform.Governance/Operations/Read","providers/PowerPlatform.Governance/Operations/Write"]}},"databaseReferences":{},"almMode":"Environment","performanceOptimizationEnabled":true,"canConsumeAppPass":true,"enableModernRuntimeMode":false,"executionRestrictions":{"isTeamsOnly":false,"dataLossPreventionEvaluationResult":{"status":"Compliant","lastEvaluationDate":"2023-10-03T16:16:46.5040629Z","violations":[],"violationsByPolicy":[],"violationErrorMessage":"O aplicativo usa os seguintes conectores: shared_excelonlinebusiness."}}},"appType":"ClassicCanvasApp","appComponents":[]}}