{"name":"13569c0d-da2c-4d9f-acbf-67a2ab73da5e","id":"/providers/Microsoft.Flow/flows/13569c0d-da2c-4d9f-acbf-67a2ab73da5e","type":"Microsoft.Flow/flows","properties":{"apiId":"/providers/Microsoft.PowerApps/apis/shared_logicflows","displayName":"fluxocancelamentoveículoadm","definition":{"metadata":{"workflowEntityId":null,"processAdvisorMetadata":null,"flowChargedByPaygo":null,"flowclientsuspensionreason":"None","flowclientsuspensiontime":null,"flowclientsuspensionreasondetails":null,"creator":{"id":"b5779a30-a362-4bf7-9b15-4b63395fcea8","type":"User","tenantId":"f66fae02-5d36-495b-bfe0-78a6ff9f8e6e"},"provisioningMethod":"FromDefinition","failureAlertSubscription":true,"clientLastModifiedTime":"2023-09-05T14:47:07.4667369Z"},"$schema":"https://schema.management.azure.com/providers/Microsoft.Logic/schemas/2016-06-01/workflowdefinition.json#","contentVersion":"1.0.0.0","parameters":{"$connections":{"defaultValue":{},"type":"Object"},"$authentication":{"defaultValue":{},"type":"SecureObject"}},"triggers":{"manual":{"metadata":{"operationMetadataId":"b09f04e6-115d-4100-adbd-960a40865b7c"},"type":"Request","kind":"PowerApp","inputs":{"schema":{"type":"object","properties":{"Enviarumanotificaçãoporemail(V3)_Para":{"type":"string","description":"Uma lista de endereços de email válidos, separados por uma vírgula ou ponto e vírgula.. Este parâmetro é usado como parte de \"3ED820B5-16EC-4766-A12D-65DDA4D14291\"","x-ms-powerflows-param-ispartial":true}},"required":["Enviarumanotificaçãoporemail(V3)_Para"]}}}},"actions":{"Enviar_uma_notificação_por_email_(V3)":{"runAfter":{},"metadata":{"operationMetadataId":"79aa3893-9cd1-4507-bcec-f25ba6fdc045"},"type":"OpenApiConnection","inputs":{"host":{"apiId":"/providers/Microsoft.PowerApps/apis/shared_sendmail","connectionName":"shared_sendmail","operationId":"SendEmailV3"},"parameters":{"request/to":"@{triggerBody()['Enviarumanotificaçãoporemail(V3)_Para']};","request/subject":"RESERVA DE VEÍCULO CANCELADA (e-mail automático, favor não responder)","request/text":"<p>@{triggerBody()['Enviarumanotificaçãoporemail(V3)_Para']}</p>"},"authentication":{"value":"@json(decodeBase64(triggerOutputs().headers['X-MS-APIM-Tokens']))['$ConnectionKey']","type":"Raw"}}}}},"connectionReferences":{"shared_sendmail":{"connectionName":"shared-sendmail-4bd6d7fd-fb19-4919-9851-924a56fd7640","source":"Invoker","id":"/providers/Microsoft.PowerApps/apis/shared_sendmail","tier":"NotSpecified"}},"flowFailureAlertSubscribed":false,"isManaged":false}}