{"name":"faa304d1-f9a8-430c-b4a5-ecf5b1bc61c0","id":"/providers/Microsoft.Flow/flows/faa304d1-f9a8-430c-b4a5-ecf5b1bc61c0","type":"Microsoft.Flow/flows","properties":{"apiId":"/providers/Microsoft.PowerApps/apis/shared_logicflows","displayName":"fluxoadmcanclemantocarro","definition":{"metadata":{"workflowEntityId":null,"processAdvisorMetadata":null,"flowChargedByPaygo":null,"flowclientsuspensionreason":"None","flowclientsuspensiontime":null,"flowclientsuspensionreasondetails":null,"creator":{"id":"b5779a30-a362-4bf7-9b15-4b63395fcea8","type":"User","tenantId":"f66fae02-5d36-495b-bfe0-78a6ff9f8e6e"},"provisioningMethod":"FromDefinition","failureAlertSubscription":true,"clientLastModifiedTime":"2023-09-05T14:45:51.806913Z"},"$schema":"https://schema.management.azure.com/providers/Microsoft.Logic/schemas/2016-06-01/workflowdefinition.json#","contentVersion":"1.0.0.0","parameters":{"$connections":{"defaultValue":{},"type":"Object"},"$authentication":{"defaultValue":{},"type":"SecureObject"}},"triggers":{"manual":{"metadata":{"operationMetadataId":"6def76d6-2fbf-495f-bad0-8eccdd529a41"},"type":"Request","kind":"PowerApp","inputs":{"schema":{"type":"object","properties":{"Enviarumanotificaçãoporemail(V3)_Corpo":{"type":"string","format":"html","description":"O conteúdo do email.. Este parâmetro é usado como parte de \"DF6DC051-94A0-412A-9420-E625AD6E3BE1\"","x-ms-powerflows-param-ispartial":true}},"required":["Enviarumanotificaçãoporemail(V3)_Corpo"]}}}},"actions":{"Enviar_uma_notificação_por_email_(V3)":{"runAfter":{},"metadata":{"operationMetadataId":"425697ec-7f4f-44d5-98f9-56d541041a4d"},"type":"OpenApiConnection","inputs":{"host":{"apiId":"/providers/Microsoft.PowerApps/apis/shared_sendmail","connectionName":"shared_sendmail","operationId":"SendEmailV3"},"parameters":{"request/to":"@{triggerBody()['Enviarumanotificaçãoporemail(V3)_Corpo']};","request/subject":"RESERVA DE VEÍCULO CANCELADA (e-mail automático, favor não responder)","request/text":"<p>@{triggerBody()['Enviarumanotificaçãoporemail(V3)_Corpo']}</p>"},"authentication":{"value":"@json(decodeBase64(triggerOutputs().headers['X-MS-APIM-Tokens']))['$ConnectionKey']","type":"Raw"}}}}},"connectionReferences":{"shared_sendmail":{"connectionName":"shared-sendmail-4bd6d7fd-fb19-4919-9851-924a56fd7640","source":"Invoker","id":"/providers/Microsoft.PowerApps/apis/shared_sendmail","tier":"NotSpecified"}},"flowFailureAlertSubscribed":false,"isManaged":false}}