{"name":"729fdaf8-e6c8-4ca2-bc40-e6878ab7c4e0","id":"/providers/Microsoft.Flow/flows/729fdaf8-e6c8-4ca2-bc40-e6878ab7c4e0","type":"Microsoft.Flow/flows","properties":{"apiId":"/providers/Microsoft.PowerApps/apis/shared_logicflows","displayName":"fluxoreserva_veículo","definition":{"metadata":{"workflowEntityId":null,"processAdvisorMetadata":null,"flowChargedByPaygo":null,"flowclientsuspensionreason":"None","flowclientsuspensiontime":null,"flowclientsuspensionreasondetails":null,"creator":{"id":"b5779a30-a362-4bf7-9b15-4b63395fcea8","type":"User","tenantId":"f66fae02-5d36-495b-bfe0-78a6ff9f8e6e"},"provisioningMethod":"FromDefinition","failureAlertSubscription":true,"clientLastModifiedTime":"2023-09-22T16:18:03.2959783Z"},"$schema":"https://schema.management.azure.com/providers/Microsoft.Logic/schemas/2016-06-01/workflowdefinition.json#","contentVersion":"1.0.0.0","parameters":{"$connections":{"defaultValue":{},"type":"Object"},"$authentication":{"defaultValue":{},"type":"SecureObject"}},"triggers":{"manual":{"metadata":{"operationMetadataId":"678f760b-f15a-46b8-99b4-f7f607d1647a"},"type":"Request","kind":"PowerApp","inputs":{"schema":{"type":"object","properties":{"Enviarumanotificaçãoporemail(V3)_Corpo":{"type":"string","format":"html","description":"O conteúdo do email.. Este parâmetro é usado como parte de \"773E5510-EC0E-4EAB-98C2-F6BFD04F5025\"","x-ms-powerflows-param-ispartial":true}},"required":["Enviarumanotificaçãoporemail(V3)_Corpo"]}}}},"actions":{"Enviar_uma_notificação_por_email_(V3)":{"runAfter":{},"metadata":{"operationMetadataId":"8c997597-b78d-47c0-937c-98ec597f5806"},"type":"OpenApiConnection","inputs":{"host":{"apiId":"/providers/Microsoft.PowerApps/apis/shared_sendmail","connectionName":"shared_sendmail","operationId":"SendEmailV3"},"parameters":{"request/to":"Bruno.Oliveira@unilever.com;Samantha.Marie@unilever.com;Cinara.Deise@unilever.com;","request/subject":"RESERVA DE VEÍCULO (e-mail automático, favor não responder)","request/text":"<p>@{triggerBody()['Enviarumanotificaçãoporemail(V3)_Corpo']}</p>"},"authentication":{"value":"@json(decodeBase64(triggerOutputs().headers['X-MS-APIM-Tokens']))['$ConnectionKey']","type":"Raw"}}}}},"connectionReferences":{"shared_sendmail":{"connectionName":"shared-sendmail-4bd6d7fd-fb19-4919-9851-924a56fd7640","source":"Invoker","id":"/providers/Microsoft.PowerApps/apis/shared_sendmail","tier":"NotSpecified"}},"flowFailureAlertSubscribed":false,"isManaged":false}}