{"name":"2136c1e1-1bd7-496e-ab13-b6551a032eca","id":"/providers/Microsoft.Flow/flows/2136c1e1-1bd7-496e-ab13-b6551a032eca","type":"Microsoft.Flow/flows","properties":{"apiId":"/providers/Microsoft.PowerApps/apis/shared_logicflows","displayName":"fluxoreserva","definition":{"metadata":{"workflowEntityId":null,"processAdvisorMetadata":null,"flowChargedByPaygo":null,"flowclientsuspensionreason":"None","flowclientsuspensiontime":null,"flowclientsuspensionreasondetails":null,"creator":{"id":"b5779a30-a362-4bf7-9b15-4b63395fcea8","type":"User","tenantId":"f66fae02-5d36-495b-bfe0-78a6ff9f8e6e"},"provisioningMethod":"FromDefinition","failureAlertSubscription":true,"clientLastModifiedTime":"2023-07-25T15:46:57.5331779Z"},"$schema":"https://schema.management.azure.com/providers/Microsoft.Logic/schemas/2016-06-01/workflowdefinition.json#","contentVersion":"1.0.0.0","parameters":{"$connections":{"defaultValue":{},"type":"Object"},"$authentication":{"defaultValue":{},"type":"SecureObject"}},"triggers":{"manual":{"metadata":{"operationMetadataId":"0ed87b3c-d031-48ba-a41d-dea4638b2e5b"},"type":"Request","kind":"PowerApp","inputs":{"schema":{"type":"object","properties":{"Enviarumanotificaçãoporemail(V3)_Corpo":{"type":"string","format":"html","description":"O conteúdo do email.. Este parâmetro é usado como parte de \"A30F5186-EDAE-47BC-A569-0C911B371C47\"","x-ms-powerflows-param-ispartial":true},"Enviarumanotificaçãoporemail(V3)_Assunto":{"type":"string","description":"O assunto do email.","x-ms-powerflows-param-ispartial":false}},"required":["Enviarumanotificaçãoporemail(V3)_Corpo","Enviarumanotificaçãoporemail(V3)_Assunto"]}}}},"actions":{"Enviar_uma_notificação_por_email_(V3)":{"runAfter":{},"metadata":{"operationMetadataId":"dd3e6cae-c7f5-4e93-aef8-1c6ed959665d"},"type":"OpenApiConnection","inputs":{"host":{"apiId":"/providers/Microsoft.PowerApps/apis/shared_sendmail","connectionName":"shared_sendmail","operationId":"SendEmailV3"},"parameters":{"request/to":"Bruno.Oliveira@unilever.com;Samantha.Marie@unilever.com;Cinara.Deise@unilever.com;Alessandra.Areias@unilever.com;","request/subject":"@triggerBody()['Enviarumanotificaçãoporemail(V3)_Assunto']","request/text":"<p>@{triggerBody()['Enviarumanotificaçãoporemail(V3)_Corpo']}</p>"},"authentication":{"value":"@json(decodeBase64(triggerOutputs().headers['X-MS-APIM-Tokens']))['$ConnectionKey']","type":"Raw"}}}}},"connectionReferences":{"shared_sendmail":{"connectionName":"shared-sendmail-4bd6d7fd-fb19-4919-9851-924a56fd7640","source":"Invoker","id":"/providers/Microsoft.PowerApps/apis/shared_sendmail","tier":"NotSpecified"}},"flowFailureAlertSubscribed":false,"isManaged":false}}