{"name":"cf19141c-7cf2-47b7-b531-c6665a3e9273","id":"/providers/Microsoft.Flow/flows/cf19141c-7cf2-47b7-b531-c6665a3e9273","type":"Microsoft.Flow/flows","properties":{"apiId":"/providers/Microsoft.PowerApps/apis/shared_logicflows","displayName":"reservasala2","definition":{"metadata":{"workflowEntityId":null,"processAdvisorMetadata":null,"flowChargedByPaygo":null,"flowclientsuspensionreason":"None","flowclientsuspensiontime":null,"flowclientsuspensionreasondetails":null,"creator":{"id":"b5779a30-a362-4bf7-9b15-4b63395fcea8","type":"User","tenantId":"f66fae02-5d36-495b-bfe0-78a6ff9f8e6e"},"provisioningMethod":"FromDefinition","failureAlertSubscription":true,"clientLastModifiedTime":"2023-06-16T03:13:05.4556306Z"},"$schema":"https://schema.management.azure.com/providers/Microsoft.Logic/schemas/2016-06-01/workflowdefinition.json#","contentVersion":"1.0.0.0","parameters":{"$connections":{"defaultValue":{},"type":"Object"},"$authentication":{"defaultValue":{},"type":"SecureObject"}},"triggers":{"manual":{"metadata":{"operationMetadataId":"cf24f481-e8d2-452a-afa8-2870ea431142"},"type":"Request","kind":"PowerApp","inputs":{"schema":{"type":"object","properties":{"Enviarumanotificaçãoporemail(V3)_Corpo":{"type":"string","format":"html","description":"O conteúdo do email.. Este parâmetro é usado como parte de \"0443FA7C-6494-4FA2-B01B-50256EC82FD8\"","x-ms-powerflows-param-ispartial":true},"Enviarumanotificaçãoporemail(V3)_Assunto":{"type":"string","description":"O assunto do email.","x-ms-powerflows-param-ispartial":false},"Enviarumanotificaçãoporemail(V3)_Para":{"type":"string","description":"Uma lista de endereços de email válidos, separados por uma vírgula ou ponto e vírgula.. Este parâmetro é usado como parte de \"DAEA7E7D-3D07-4979-8CEE-F1263A1A179C\"","x-ms-powerflows-param-ispartial":true}},"required":["Enviarumanotificaçãoporemail(V3)_Corpo","Enviarumanotificaçãoporemail(V3)_Assunto","Enviarumanotificaçãoporemail(V3)_Para"]}}}},"actions":{"Enviar_uma_notificação_por_email_(V3)":{"runAfter":{},"metadata":{"operationMetadataId":"bccf5bdc-4654-4039-af9b-adfb69d0159c"},"type":"OpenApiConnection","inputs":{"host":{"apiId":"/providers/Microsoft.PowerApps/apis/shared_sendmail","connectionName":"shared_sendmail","operationId":"SendEmailV3"},"parameters":{"request/to":"@{triggerBody()['Enviarumanotificaçãoporemail(V3)_Para']};","request/subject":"@triggerBody()['Enviarumanotificaçãoporemail(V3)_Assunto']","request/text":"<p>@{triggerBody()['Enviarumanotificaçãoporemail(V3)_Corpo']}</p>"},"authentication":{"value":"@json(decodeBase64(triggerOutputs().headers['X-MS-APIM-Tokens']))['$ConnectionKey']","type":"Raw"}}}}},"connectionReferences":{"shared_sendmail":{"connectionName":"shared-sendmail-4bd6d7fd-fb19-4919-9851-924a56fd7640","source":"Invoker","id":"/providers/Microsoft.PowerApps/apis/shared_sendmail","tier":"NotSpecified"}},"flowFailureAlertSubscribed":false,"isManaged":false}}